date,views,hours,title
2026-10-01,2037,5,Morning of October in Skyrim | 5 Hours Music and Ambience
2026-09-29,913,4,Rainy Autumn Day of Skyrim | Peaceful 4 Hours Music and Ambience
2026-09-27,4865,5,Calm Night of Skyrim | 5 Hours Music and Ambience
2026-09-25,2288,4,Wetlands of Skyrim | Relaxing 4 Hour Music and Ambience
2026-09-23,15258,5,Autumn Walk in Skyrim | 5 Hours Music and Ambience
2026-09-21,2542,4,Peaceful Sunrise | 4 Hours Skyrim Music and Ambience
2026-09-19,8300,5,Morning in The Rift | Relaxing 5 Hours of Skyrim Ambient Music
2026-09-17,6270,4,Storm and Rain | 4 Hours Calm Skyrim Ambient Music
2026-09-15,7411,5,Tranquil River | 5 Hours Skyrim Ambient Music
2026-09-13,26451,4,Early Autumn | 4 Hours Relaxing Skyrim Ambient Music
2026-09-11,64472,5,Peaceful Field | 5 Hours Skyrim Music and Ambience
2026-09-09,10127,4,Morning of Autumn | 4 Hours Relaxing Skyrim Music and Ambience
2026-09-06,11316,5,Quiet Streets of Skyrim | 5 Hours Peaceful Music and Ambience
2026-09-04,8644,4,Peaceful Aspen Forest | 4 Hours Relaxing Skyrim Ambient Music
2026-09-02,116688,5,September Morning in Skyrim | 5 Hours Music and Ambience
2026-08-31,12907,3,Summer Swamps | 3 Hours Peaceful Skyrim Ambient Music
2026-08-29,15720,4,Under Nordic Stars | Relaxing 4 Hours Skyrim Ambient Music
2026-08-27,9863,5,Peaceful Dawn over Skyrim | 5 Hours Music and Ambience
2026-08-25,2899,5,Rain Atmospheres | 5 Hours Skyrim Ambient Music
2026-08-23,5452,4,Rocky Canyons of Skyrim | 4 Hours Music and Ambience
2026-08-21,8329,5,Morning in The Forgotten Vale | 5 Hours Skyrim Ambient Music
2026-08-19,4307,4,Ocean Walk Around Skyrim | 4 Hours Music and Ambience
2026-08-17,4523,5,Starry Night in Whiterun | Calm and Peaceful 5 Hours of Skyrim Ambient Music
2026-08-15,11824,4,Peaceful Path | 4 Hours Skyrim Music and Ambience
2026-08-13,7816,5,Forest of Summer | Relaxing 5 Hours of Skyrim Ambient Music
2026-08-11,2653,4,August Rain | 4 Hours Peaceful Music and Ambience
2026-08-09,4859,5,Streets of Solitude | 5 Hours Skyrim Ambient Music
2026-08-07,8396,4,Calm Hill | 4 Hours Relaxing Skyrim Music and Ambience
2026-08-05,2943,4,Snowy Night in Windhelm | 4 Hours Relaxing Skyrim Ambient Music
2026-08-03,38064,5,Whiterun Forest of Skyrim | 5 Hours Music and Ambience
2026-08-01,68558,4,Morning of August in Skyrim | 4 Hours Music and Ambience
2026-07-30,5181,3,Cozy Evening | 3 Hours Peaceful Skyrim Ambient Music
2026-07-28,2826,4,Falkreath at Night | Relaxing 4 Hours Skyrim Ambient Music
2026-07-25,12155,3,Peaceful Morning in Lake Ilinalta | 3 Hours Skyrim Ambient Music
2026-07-23,134672,4,Forest Walk in Skyrim | 4 Hours Music and Ambience
2026-07-21,4863,3,Peaceful Farmland | 3 Hours Skyrim Ambient Music
2026-07-19,28919,4,Cozy Skyrim Atmospheres | 4 Hours Music and Ambience
2026-07-17,8559,5,Rainy Day of July | Calm and Peaceful 5 Hours of Skyrim Ambient Music
2026-07-15,3546,4,Peaceful Woodland | 4 Hours Skyrim Music and Ambience
2026-07-13,1837,5,Summer Lakes | Relaxing 5 Hours of Skyrim Ambient Music
2026-07-11,36749,4,Tranquil Trail of Skyrim | 4 Hours Peaceful Music and Ambience
2026-07-09,2211,5,Rain of Summer | 5 Hours Skyrim Ambient Music
2026-07-07,1640,4,Riverwood at Night in Skyrim | 4 Hours Relaxing Music and Ambience
2026-07-05,2242,4,Midnight in Markath | 4 Hours Relaxing Skyrim Ambient Music
2026-07-03,70201,5,July Morning in Skyrim | 5 Hours Music and Ambience
2026-07-01,3471,5,Peaceful Sunset | 5 Hours of Calm Skyrim Music and Ambience
2026-06-29,5263,4,Depth of Vale | 4 Hours Skyrim Ambient Music
2026-06-27,1572,5,Under The Trees | 5 Hours of Skyrim Music and Ambience
2026-06-23,5586,4,Summer Night | 4 Hours of Skyrim Music and Ambience
2026-06-21,10602,5,Morning in Riverwood | 5 Hours Peaceful Skyrim Music and Ambience
2026-06-03,128053,5,Morning of June in Skyrim | 5 Hours Music and Ambience
2026-05-28,71083,5,Peaceful Stream of Skyrim | 5 Hours Music and Ambience
2026-05-24,48860,4,Early Summer | 4 Hours Peaceful Skyrim Music and Ambience
2026-05-20,17427,4,Quiet Sea | 4 Hours of Calm Skyrim Music and Ambience
2026-05-16,8238,4,Mist Forest of Skyrim | 4 Hours Music and Ambience
2026-05-14,2852,3,Secunda Remastered | 3 Hours Skyrim Music and Ambience
2026-05-12,106711,4,May Morning in Skyrim | 4 Hours Music and Ambience
2026-05-10,15074,3,Unreal Caverns of Skyrim | The Elder Scrolls Music and Ambience | 3 Hours
2026-05-08,2273,1,Skyrim Cities Above Cloud | Music and Ambience
2026-04-22,21837,2,A Walk on A Peaceful Morning in Skyrim | Music and Ambience
2026-04-20,1476,2,Spring Season Over Skyrim | Music and Ambience
2026-04-18,5853,2,Midnight Streets in Skyrim | Music and Ambience
2026-04-13,1398,2,The Elder Scrolls: Skyrim | Aurora Midnight in Markarth | Music and Ambience
2026-03-17,4415,3,Peaceful Spring of Skyrim | The Elder Scrolls V Music and Ambience
2026-03-15,3095,2,Alone in Deepwood | The Elder Scrolls V Music and Ambience
2026-03-08,1552,2,A Peaceful Night of Skyrim | The Elder Scrolls 5 Music and Ambience
2026-03-06,2598,2,Tranquil Spring Day | Skyrim Music and Ambience
2026-03-02,3543,2,Spring Rain | Skyrim Deep Relaxing Music and Ambience
2026-02-28,1669,2,Whiterun Evening | Skyrim Ambient Music
2026-02-16,1637,2,You Spend a Peaceful Night at Ivarstead | Skyrim Music and Ambience
2026-02-12,1214,2,You Just Discovered Blackreach | Skyrim Ambient Music
2026-01-26,5075,2,Atmospheric High Hrothgar 🎧 Skyrim Deep Relaxing Music & Ambience
2026-01-16,1244,2,Northern Light at Midnight 🎧 Skyrim Deep Relaxing Music & Ambience
2026-01-01,4101,2,"May Your Path Be Clear, Traveler | Skyrim Music & Ambience"
2025-12-16,1409,2,A Peaceful Greeting To You | Relaxing The Elder Scrolls Ambient Music
2025-12-14,1333,2,Skyrim is So Beautiful This Time of Year | Immersive Skyrim Ambient Music
2025-12-06,7934,2,Well Rested In Misty Woods | Deep Relaxing Skyrim Music & Ambience
2025-11-26,22638,2,Quiet Midnight Woods | Deep Relaxing Skyrim Music & Ambience
2025-11-06,3142,2,Night in the Woods - Relaxing Skyrim Music & Ambience
2025-11-04,3660,2,Skyrim - Atmospheric Music & Ambience
