date,views,title
2026-10-01,2401,October Morning in Skyrim | 4 Hours Calming Skyrim Music & Fall Ambience
2026-09-29,6664,Golden Autumn October in Skyrim | Calming Skyrim Music & Fall Ambience | 4 Hours
2026-09-27,3555,Halloween in The Witcher 3 | 3 Hours The Witcher 3: Wild Hunt Music & Ambience
2026-09-25,1981,Starry Night in Skyrim | Calming Skyrim Music & Fall Ambience | 3 Hours
2026-09-23,2683,Morning Walk in Skyrim | 3 Hours Calming Skyrim Music & Fall Ambience | Skyrim with DLSS 5
2026-09-21,37862,Rainy Autumn in Skyrim - 3 Hours Calming Skyrim Music & Fall Ambience - Skyrim with DLSS 5
2026-09-19,2054,Peaceful Village in Skyrim - 3 Hours Calming Skyrim Music & Fall Ambience - Skyrim with DLSS 5
2026-09-17,14035,Peaceful Corner in Skyrim - 3 Hours Calming Skyrim Music & Fall Ambience - Skyrim with DLSS 5
2026-09-15,8317,Cozy Cabin in Skyrim - 3 Hours Calming Skyrim Music & Fall Ambience - Skyrim with DLSS 5
2026-09-13,20539,October Morning in Ivarstead - Skyrim with DLSS 5 - 3 Hours Calming Skyrim Music & Fall Ambience
2026-09-11,2338,Peaceful Morning at Lake Ilinalta | Skyrim with DLSS 5 | Calming Skyrim Music & Fall Ambience
2026-09-09,20299,Calm Morning in the Hills of Skyrim | Calming Skyrim Music & Fall Ambience | Skyrim with DLSS 5
2026-09-07,2394,Quiet Night in the Soul Cairn | Calming Skyrim Music & Fall Ambience | 3 Hours
2026-09-05,6251,Coastal Walk in Skyrim | Calming Skyrim Music & Fall Ambience | 3 Hours
2026-09-03,6186,Fall Sunrise in Skyrim | Calming Skyrim Music & Fall Ambience | 3 Hours
2026-09-01,95429,Cozy October Morning in Skyrim | Calming Skyrim Music & Fall Ambience | 3 Hours
2026-08-30,6273,Autumn Riften Morning in Skyrim | 3 Hours Skyrim Music and Ambience
2026-08-28,962,Quiet Sunset in The Witcher | 3 Hours The Witcher 3: Wild Hunt Music & Ambience
2026-08-26,7970,Quiet Morning in the Forgotten Vale | 3 Hours Skyrim Music and Ambience
2026-08-24,11186,Quiet Dawn Over Riverwood | Autumn Music and Ambience | 3 Hours
2026-08-22,4437,Autumn Grounds at Whiterun | Calming Skyrim Music & Fall Ambience | 3 Hours
2026-08-20,2078,Fall Grounds in Skyrim | Calming Skyrim Music & Fall Ambience | 3 Hours
2026-08-18,2979,Peaceful River in Skyrim | 3 Hours Skyrim Music and Ambience
2026-08-16,4245,Tranquil Hill in Skyrim | Autumn Music and Ambience | 3 Hours
2026-08-14,3891,Fall Morning in Skyrim | Calming Skyrim Music & Fall Ambience | 3 Hours
2026-08-12,1061,Autumn Walk in Skyrim | Calming Skyrim Music & Fall Ambienc | Peaceful Scenes
2026-08-10,764,First Autumn Leaves in The Witcher | 3 Hours The Witcher 3: Wild Hunt Music & Ambience
2026-08-08,402,Autumn Journey in The Witcher | 3 Hours The Witcher 3: Wild Hunt Music & Ambience
2026-08-06,402,Hearthfire in Skyrim | Autumn Music and Ambience | 3 Hours
2026-08-04,1041,Rainy Autumn Day in Skyrim | 3 Hours Music and Ambience | Peaceful Scenes
2026-08-02,2632,Cozy August in Skyrim | 3 Hours Music and Ambience | Peaceful Scenes
2026-07-31,737,Autumn Night in Skyrim | 3 Hours Music and Ambience | Peaceful Scenes
2026-07-29,2308,Autumn in The Witcher | 3 Hours The Witcher 3: Wild Hunt Music & Ambience
2026-07-27,1772,Autumn Glade in Skyrim | Elder Scrolls Music & Ambience | Peaceful Scenes
2026-07-25,1891,Last Summer Day in Skyrim | Relaxing Skyrim Home Ambience & Music | Three Hours
2026-07-23,580,Early Autumn in Skyrim | Elder Scrolls Music & Ambience | Peaceful Scenes
2026-07-21,2589,Cozy Morning in Kynesgrove | 3 Hours Elder Scrolls Music and Ambience
2026-07-19,3660,Quiet Night in Riften | 3 Hours Elder Scrolls Music and Ambience
2026-07-17,324,Peaceful Night Camfires in Skyrim | 3 Hours Elder Scrolls Music and Ambience
2026-07-15,724,Cozy Midday in Skyrim | Relaxing Skyrim Home Ambience & Music | Three Hours
2026-07-13,2126,Summer Peace in Skyrim | Relaxing Skyrim Home Ambience & Music | Three Hours
2026-07-11,1499,Cozy Solitude in Skyrim | 3 Hours Peaceful Skyrim Music and Ambience
2026-07-09,1934,Cozy Summer Afternoon in Skyrim | 3 Hours Peaceful Skyrim Music and Ambience
2026-07-07,2166,Morning Forest Walk in Skyrim | 3 Hours Peaceful Skyrim Music and Ambience
2026-07-05,489,The Elder Scrolls: Skyrim | Streets of Whiterun | Festive & Summer Ambience | Music and Ambience
2026-07-03,591,Rainy Summer Day in Skyrim | Festive & Summer Ambience | Music and Ambience
2026-07-01,1994,Forest of Summer | 3 Hours Peaceful Skyrim Music and Ambience
2026-06-29,7683,July Morning in Skyrim | Elder Scrolls Music & Ambience | Peaceful Scenes | Three Hours
2026-06-27,858,Peaceful July in Witcher 3 | Calming Witcher 3 Music & Cozy Summer Ambience
2026-06-25,662,Peaceful Night in Skyrim | Elder Scrolls Music & Ambience | Peaceful Scenes
