ts,views
1790559037,1491
1790209800,10416
1790127007,10754
1790101845,5123
1789923627,4333
1789777804,9610
1789750804,3871
1789606804,6967
1789318822,4522
1789259407,10096
1789146014,112179
1788483612,32901
1788397214,32494
1788224404,29411
1788109222,10299
1788048008,106110
1787965211,212738
1787792431,8818
1787706016,8366
1787619615,2828
1787436038,1190
1787403610,1063
1787360438,1898
1787274019,1289
1786842017,1146
1786237215,30225
1786208412,1549
1785546036,2651
1785362436,2358
1785258008,1745
1785171626,77114
1785027638,20698
1784854804,4386
1784739615,18259
1784574007,26199
1784077237,167249
1783555214,59720
