date,views
2026-09-23,12888
2026-09-17,6343
2026-09-11,2706
2026-09-08,5525
2026-09-04,22547
2026-09-01,3295
2026-08-27,5344
2026-08-25,1368
2026-08-20,110017
2026-08-19,21829
2026-08-13,31259
2026-08-11,2647
2026-07-29,7175
2026-07-24,873
2026-07-22,3899
2026-07-14,16559
2026-07-07,21129
2026-07-01,1836
2026-06-25,7320
2026-06-16,4070
2026-06-09,11934
2026-06-04,5033
2026-05-27,18416
2026-05-21,2854
2026-05-19,12057
2026-05-12,6856
2026-05-07,2608
2026-05-05,21720
2026-05-01,10996
2026-04-28,10388
2026-04-21,7522
2026-04-17,9842
2026-04-14,10423
2026-04-07,17451
2026-04-05,2078
2026-03-31,5184
2026-03-27,870
2026-03-25,736
2026-03-18,85218
2026-03-10,2410
2026-03-05,12588
2026-02-25,2505
2026-02-18,19724
2026-02-12,9559
2026-02-10,18005
2026-01-29,14456
2026-01-27,42280
2026-01-21,1148
