date,niche,tier,channel,channel_id,subs,avg_views,views_growth_30d_pct,note
2026-10-02,skyrim,A,Dilly,UCFX_E_DsZCJCSAV3S97g7Lw,6770,271094,5.58,dormant since 2026-03
2026-10-02,skyrim,A,StarryNight,UCZ_L7wYKDrXLJY70f3BRJMQ,1380,35347,156.79,one-word titles
2026-10-02,skyrim,A,Ancient Ambient,UCx_prGF9kysq-kvX0DHMEzQ,,,,every 2 days; month-anchor hits
2026-10-02,skyrim,A,Elder Realm,UC9QCz-sHhbGfnV9ei8UtM7g,,,,team; DLSS 5 hook
2026-10-02,skyrim,A,Scenic Pixels,UCk6UYT0saOwi7tW_Zkq2wAQ,,,,Oblivion Remastered gap
2026-10-02,skyrim,A,Lost Music Co,UCSSO2VTC5OkNuZDpdW2OPuw,,,,3h15m multi-IP
2026-10-02,skyrim,A,Interstitial,UCaI-Q5Cf7XNRQ8NIu0CG7Ug,,,,2/day; compilation hit
2026-10-02,skyrim,A,Tamriel After Dark,UCDhYqm9N8ACSTh2WhL3hr8Q,824,11370,15.84,dormant since 2026-08
2026-10-02,skyrim,B,TES Realm,UCuSWTg55vM3fM_IHyaGRo3g,,,,format change 2026-09
2026-10-02,skyrim,B,Ambient Valley,UCxpWlNhgHNS8unwPBplfXaA,3650,5926,5.78,299 videos/yr
2026-10-02,skyrim,B,Last Light,UCfH_yv9VHz_jkOvldG9K0XA,4870,8554,15.12,slowing
2026-10-02,skyrim,C,Nærvær,UC__-K4OaVf-OvJdeCM32bXw,2520,1284,13.32,
2026-10-02,skyrim,C,NoloFaija,UCDyOg7bcAIYGNJokGILML3A,120,1130,4.35,
2026-10-02,skyrim,C,Save Point Ambience,UCJLgHh2Xc8F_b3UrwOYEXEw,,,,
2026-10-02,skyrim,C,Adil Ambience,UCeJcyBs_G7xHh8r6A7bwGPA,,,,
2026-10-02,skyrim,C,Golden Evenings,UCyB3pz7tQLRfITCI8BdDDJw,,,,
2026-10-02,skyrim,C,Tom's Atmosphere,UCKEMU-cJqf_ZypF48BaisPg,,,,
2026-10-02,skyrim,C,misted vale,UCc1U0VMsCAY5vktAl7wBwKQ,,,,
2026-10-02,skyrim,X,L.Torres,UCu-d2e8amUYwGlrtFFokPmQ,,,,different format (UE5 lore scale)
2026-10-02,animal,A,Primordia,UChNtvv2paZxsW1SEbKgM1fg,13600,224259,145.73,
2026-10-02,animal,A,BeyondTheGreen,UCKjRbFbTtetc-bQ5sztC4aA,47100,276831,101.09,
2026-10-02,animal,A,SupremeSpecies,UCFYQS7owCRLV6KdSRwGv2sw,2070,,,+632k views in 4 days
2026-10-02,animal,A,Project Atlas,UCfRjBj-zA1TPHSY3cpOoT8w,1270,5103,50.41,
2026-10-02,animal,A,WUFO Earth,UCbCb9tjw70AYM4Xp8eEzQWw,26600,121676,68.06,
2026-10-02,animal,A,WEON Earth,UCoMCQVuCK1wLUpM9Nfetb9Q,4930,,,+500k views in 4 days
2026-10-02,animal,A,Ancient Planet,UC5bjeIaPZwI-uof6sNbfmpg,5410,30185,492.31,
2026-10-02,animal,A,Planeta Antiguo,UCOQZ1ttGp87vmKqoVzcDKlg,63900,146304,47.83,ES
2026-10-02,animal,A,WUFO TV,UCaSfbjZReHoweptNU3XiIUw,11900,,,+813k views in 4 days
2026-10-02,animal,A,BBTV NEW,UCTC4t6UwEV2itXDPpPOeYhQ,6800,,,+1.08M views in 4 days
2026-10-02,animal,A,Nature's Tether,UCpw_I21AoF3N6Dqm3LLY9bw,5650,,,+2.36M views in 4 days; videos not scanned
2026-10-02,animal,A,MYTHRA,UCQnhXRLVlz161PmIuqA9e4A,190000,,,AI fantasy 61M
2026-10-02,animal,A,The Astro Mind,UCSOHjbISe8Ox63zdm1VSIFQ,16000,,,+2.64M views in 4 days; MYTHRA copy
2026-10-02,animal,B,Nature's Moments,UC7R28A21ABhLnvY9bRed8MQ,142000,284223,14.01,4h compilations
2026-10-02,animal,B,Epic Dinosaur Docs,UCKSBdBr5Ct-xneaYTGBvzpA,4440,168382,89.22,
2026-10-02,animal,B,Mundo Extinto,UCKKRwjarcz_Vn8oDi9VVy5Q,25700,341063,23.53,ES; inactive since 2026-08
2026-10-02,animal,B,Planeta Geo,UCsS2Bj1N8ZIypC-gy1QnzuQ,32900,116942,47.62,ES
2026-10-02,animal,C,Ironcrest Pictures,UCLryKn_vFx5lm3bFpPRhgRg,0,,,no videos
2026-10-02,own,-,Noctis Arcanum,UCkGCDiRrSjsDNMgrarPcicw,6,,,8 videos
2026-10-02,own,-,Memory Synth,UCnjgzg7rNbj8yHVWjs8pUOQ,1060,,,17 videos; 56 deleted 2026-07
2026-10-02,own,-,Wild Epochs,UC0A_oDMGUzfbepVuBIZ-05g,3,,,mixed history
