group,tier,channel,link,subs,topic,last_post,avg5,median5,min5,max5,n,views,note
film,A,AI Trailer Cinema,https://www.youtube.com/channel/UC6gf2t9dKojAJcAFaFZFHuw,238k,Phim AI 1h: sinh tồn/thảm hoạ; mới chuyển sang fantasy mẹ-rồng (ASHBORN 2.28M),25/09,800120,460707,145536,2282702,5,2282702;856469;255188;145536;460707,"1 phim/tuần, 5/5 phim >145k"
film,A,Shanhay Studio,https://www.youtube.com/channel/UCzmjWmTHBO6IyqexyGXD5LQ,57.4k,"Series fantasy sử thi rồng/vương quốc (Dragonbone Continent, Dragonfall) 47m–2.5h",25/09,782245,597119,389863,1252452,5,389863;472389;597119;1252452;1199402,"5/5 phim >389k, ổn định nhất"
film,A,Dark Age Datacore,https://www.youtube.com/channel/UCF-yHmXbMKxxTPD9gD4o8zw,21.4k,"Fantasy trung cổ: rồng, elf, Norse, 28–51 phút",26/09,907550,348436,238205,3159768,5,471489;3159768;348436;238205;319852,5/5 >238k; hit xương rồng 3.16M
film,A,Future Frame Movies,https://www.youtube.com/channel/UC9I0vMcmoJBWqFYg6O7PujA,31.5k,Dark fantasy nàng tiên cá 1h; phim mới: rồng mẹ gửi con cho tiên cá (TIDEBORN),30/09,331376,207762,7940,753914,5,207762;674755;753914;7940;12509,Nghỉ 05–08; 3 phim từ 28/08 đều 208k–754k
film,B,CinemaEX,https://www.youtube.com/channel/UCE6ue_9IbHGeYsrP58xwn-A,22k,"Fantasy/sci-fi 1h (Aladdin, rồng, sinh vật)",30/09,522570,277200,5748,1816468,5,5748;1816468;476127;37308;277200,Có hit 1.8M nhưng dao động 5.7k–1.8M
film,B,Vincent Perez Films,https://www.youtube.com/channel/UCMVhLAn7fXvYKlwM0ytKNmQ,16.7k,"Dark fantasy series 'The Hunt', chất lượng liên hoan phim AI",01/10,177809,70764,18845,495339,5,18845;495339;283613;70764;20486,"Series 5–40 phút, dao động"
film,B,Nova ai films,https://www.youtube.com/channel/UCoxrPSs31xUUJOYzrZhEi7g,72.4k,"Sci-fi/fantasy 10–18 phút (người khổng lồ, quái vật, rồng)",29/09,96916,47661,33711,213652,5,213652;149941;39616;33711;47661,Tự đăng video 'YouTube Demonetized My Channel' 13/08
wave,W,MYTHRA (gốc),https://www.youtube.com/channel/UCQnhXRLVlz161PmIuqA9e4A,190k,Phim gốc She Gave Birth to a Dragon 28:30,01/10 (teaser),61365029,61365029,61365029,61365029,1,61365029,Chỉ 1 phim; Part 2 công chiếu 05/10 18:00 ET; teaser 249k sau 1 ngày
wave,W,Everflame (nghi team VN),https://www.youtube.com/channel/UCha_flZyWH8pu-14DbUIyKw,23.9k,Mẹ nuôi quái vật/rồng 23–30 phút,29/09,1965324,378913,13699,7089773,4,13699;376287;7089773;381540,Chỉ 4 phim; phần tiếp KIRO II trượt (13.7k)
wave,W,KZK FILMS,https://www.youtube.com/channel/UCuKGkCt69i3Wz37YWPGGL8w,22.7k,Part 2/3 Mother's Monster + fantasy khác,30/09,1122390,207258,4418,4955458,5,4418;437297;4955458;7521;207258,Chủ đề khác rồng-mẹ chỉ 4–7k
wave,W,CineMyth Studios (PK),https://www.youtube.com/channel/UCNjl2ifPH_a4ctP7_s0sjYA,170k,She Became a Mother to a Dragon + Aladdin AI,30/09,565132,26699,7208,2611783,5,2611783;23801;26699;156173;7208,Part 2 đạt 405k sau 2.5 ngày (chưa tính)
wave,W,Fatebound Drama,https://www.youtube.com/channel/UCWYKTiBbx5UjK1RVadB3TSA,3.4k,Series She Found a Dragon in the Snow (P1–P4),29/09,331338,106831,1543,1360596,5,14829;106831;172895;1360596;1543,Mỗi phần giảm 40–80%; drama tình cảm 100–1k
wave,W,The Astro Mind,https://www.youtube.com/channel/UCSOHjbISe8Ox63zdm1VSIFQ,16.5k,Kênh vũ trụ chuyển sang Mother's Monster 2/3,01/10,751677,234,108,3756886,5,3756886;951;207;234;108,MM3 đạt 206k sau 1 ngày (vph 22.8k) — đang ăn sóng
animal,A,Wild Testament,https://www.youtube.com/channel/UCbYplycuOX6G9THQc_vje0Q,24.8k,"AI: A Mother [loài] Gives Birth… But [twist], 30–44 phút",26/09,540222,320106,245616,1473769,5,245616;309024;352598;320106;1473769,"1 video/tuần, 5/5 >245k"
animal,A,BBTV NEW (Tây Ban Nha),https://www.youtube.com/channel/UCTC4t6UwEV2itXDPpPOeYhQ,—,"AI: [Loài]: 100 Días Desde el Nacimiento Hasta la Supervivencia, 8–18 phút",01/10,270993,246831,159185,419785,5,356264;172900;419785;246831;159185,2 ngày/video; 2 video mới nhất 351k/3 ngày và 121k/14 giờ
animal,A,GaiaDocs,https://www.youtube.com/channel/UCe9imMhDp6Kn3dn75mzUUZw,59.1k,"Footage: WILD [NƠI] | săn mồi, 30–90 phút",30/09,577180,109045,82300,1796522,5,82300;101662;1796522;109045;796371,2–3 ngày/video; trung vị thấp hơn trung bình nhiều
animal,A,Nature's Tether,https://www.youtube.com/channel/UCpw_I21AoF3N6Dqm3LLY9bw,—,"Footage: WILD [NƠI] | hook nghịch lý, 30 phút",01/10,1171876,210398,93728,4786109,5,93728;664797;210398;104352;4786109,Nghi mua tương tác (giai đoạn tiếng Hàn like > view)
animal,A,WILD NATURE,https://www.youtube.com/channel/UCJjUlbs-ZEo4draiZzz66sQ,235k,"Footage: Full Episode 3–4 giờ, châu Phi săn mồi",30/09,119183,96693,39235,203543,5,39235;203543;96693;86935;169511,"2–3 ngày/video, rất đều"
animal,B,Wild Alone,https://www.youtube.com/channel/UCI8JzkrwBSJgj0L084SVInQ,7.8k,AI: The Secret Life of [loài lạ] | First Days in the Wild,01/10,144349,61258,43600,399108,5,60267;61258;399108;43600;157512,"Thắng khi loài lạ (tê tê, thú mỏ vịt)"
animal,B,Primal Buzz,https://www.youtube.com/channel/UCJqWj6DtSJ8WBqEUjcxG5Uw,9.99k,"[Thú săn]'s Brutal Hunt | [Vùng]'s Deadliest Predator, 30 phút",02/10,236712,53402,13784,577075,5,23066;577075;516234;53402;13784,"Bắc cực/Bắc Mỹ ăn, châu Phi trượt"
animal,B,Explore Wildlife TV,https://www.youtube.com/channel/UCk_X16alT78TAlhbvlv1d6A,12.8k,"AI: chim/mẹ bảo vệ tổ, N Days From Egg, 10–15 phút",20/09,145086,146575,516,226259,5,127640;516;146575;226259;224443,Đăng thưa (12 ngày chưa có video)
animal,B,Raw Animals Footage,https://www.youtube.com/channel/UCkaBZYQF_F-1pwiK9WGoTfQ,13.9k,"AI: Can the [bố mẹ] Save Its Chick from [thú săn]?, 11 phút",30/09,158137,23936,11618,704207,5,38209;23936;11618;704207;12718,"Có hit 704k, còn lại 12–38k"
animal,B,Pulso Salvaje HH,https://www.youtube.com/channel/UCdC-mGCP9dVn8eCHiekQ58Q,3.1k,"AI: Honey Badger / Mother vs [kẻ thù], 10–13 phút, mỗi ngày",01/10,92642,20336,649,363501,5,363501;6804;649;71921;20336,Dao động lớn
animal,B↑,Wildlife Kingdom Stories,https://www.youtube.com/channel/UC5roN5B4CO5k3Thj_xvLlvA,2.4k,"AI: [Loài] Mother Gives Birth In A Hidden Den - But…, 10–17 phút, mỗi ngày",01/10,62884,55142,3279,115381,5,108290;115381;55142;32332;3279,Đang lên: video mới vph 500–800
animal,B↑,WildCycle Explained,https://www.youtube.com/channel/UCJmrhG04d35dzh1xXW1uPMg,4.3k,AI: truyện ngắn 8 phút con non/ăn trộm trứng,29/09,58835,43824,6273,115423,5,43824;94278;6273;115423;34379,"3 ngày/video; Cheetah 658k, Baboon-cub 373k"
dormant,Z,Wildlife Kingdom,https://www.youtube.com/channel/UCjsUAeUrKYXnCgfspXvA3xg,21k,AI micro-story 8–10 phút,17/08,968050,776476,27002,2180907,5,27254;1828613;27002;776476;2180907,NGỪNG ĐĂNG từ 17/08
dormant,Z,Wildlife Survival-VDN,https://www.youtube.com/channel/UCD004YbdukmeACXKt04KQAA,18.2k,"AI: honey badger mẹ, cộng sinh",29/08,665547,277489,4473,2610001,5,277489;426141;9634;4473;2610001,NGỪNG ĐĂNG từ 29/08
dormant,Z,Wild Bird Survival,https://www.youtube.com/channel/UCsYEZah0zh0XCIaOHrkh93Q,34.8k,"AI: oxpecker, honey badger, mẹ bảo vệ con",18/08,56562,54023,27618,98643,5,41377;27618;54023;61152;98643,NGỪNG ĐĂNG từ 18/08; tháng 7 có 4 video >2M
dormant,Z,Inside The WILD,https://www.youtube.com/channel/UCuRFcS830VPUZDmvXDqDTew,107k,"AI: [A] vs [B] mẹ bảo vệ con, 8 phút",28/07,307638,63784,30144,1311686,5,92034;63784;40542;30144;1311686,NGỪNG ĐĂNG từ 28/07
