channel	sn	published	views	dur_min	vph	title
Wild Testament	SN2	2026-09-26	245616	31	681	A Mother Panda Gives Birth to Twins… But Only One Will Survive | 4K Wildlife Documentary
Wild Testament	SN2	2026-09-21	309024	33	702	A Mother Polar Bear Gives Birth… Then Spends 4 Months Without Food in Den | 4K Wildlife Documentary
Wild Testament	SN2	2026-09-14	352598	39	38	A Musk Ox Mother Gives Birth in snow … But Her Newborn Must Survive −20°C | 4K Wildlife Documentary
Wild Testament	SN2	2026-09-08	320106	33	17	A Mother Moose Must Give Birth… But Her Older Calf Refuses to Leave | 4K Wildlife Documentary
Wild Testament	SN2	2026-09-01	1473769	44	478	A Mother Rhino Gives Birth After 16 Months… But Her Newborn Cannot Stand | 4K Wildlife Documentary
Wild Testament	SN2	2026-08-25	3686238	31	1112	An Orangutan Mother Gives Birth Alone… She Must Raise Her Baby for 8 Years | 4K Wildlife Documentary
Wild Testament	SN2	2026-08-19	90941	35	38	A Matriarch Elephant Dies… Weeks Later, Her Daughter Finds Her Skull | 4K Wildlife Documentary
Wild Testament	SN2	2026-08-14	884192	23	361	A Mother Giraffe Gives Birth… But Her Calf Falls 5 Feet | 4K Wildlife Documentary
Wild Testament	SN2	2026-08-07	89636	19	1	A Mother Hippo Gave Birth Underwater.. Now Her Calf Must Reach the Surface | 4K Wildlife Documentary
Wild Testament	SN2	2026-08-01	414829	28	206	After Giving Birth, a Leopard Mother Must Save Her Cubs Alone | 4K Wildlife Documentary
Wild Testament	SN2	2026-07-27	42049	21	33	A Lioness Lost Her Cubs to a Rival Male… Then She Mated With Him | 4K Wildlife Documentary
Wild Testament	SN2	2026-07-22	408954	26	15	A Spotted Hyena Mother Faces the Serengeti's Most Dangerous Birth | 4K Wildlife Documentary
Wild Testament	SN2	2026-07-18	13477	23	2	A Mother Lion Left Her Pride to Give Birth… Now She's Too Weak to Go On | Wildlife Documentary
Wild Testament	SN2	2026-07-09	105877	17	33	This Pregnant Polar Bear Paused Her Pregnancy !Then the Real Struggle Began |4K Wildlife Documentary
Wild Testament	SN2	2026-07-06	21061	20	1	This Lion Cub was Born Weak… Now His Life Is at Risk | 4K Wildlife Documentary
Wild Testament	SN2	2026-06-29	71929	29	1	A Mother Lion Tried to Save Her Cubs for 5 Days… But Now They're at Risk | 4K Wildlife Documentary
Wild Testament	SN2	2026-06-23	134423	22	12	The Water Is Gone… Now This Mother Lion Cannot Save Her Cubs | 4K Wildlife Documentary
Wild Testament	SN2	2026-06-18	24150	22	12	A Mother Lion Raised Her Son Alone… But Now She Must Let Him Go | 4K Wildlife Documentary
Wild Testament	SN2	2026-06-12	137010	17	28	A Mother Cheetah Hid Her Cubs... but Now Their Lives Are at Risk | 4K Wildlife Documentary
Wild Testament	SN2	2026-06-07	59692	18	397	22 Months Pregnant… Then This Elephant Mother's Real Challenge Began | 4K Wildlife Documentary
Wild Testament	SN2	2026-06-03	284346	19	2	A 22-Month Pregnant Elephant Carried Her Calf… But now Something Changed | 4K Wildlife Documentary
Wild Testament	SN2	2026-05-29	64382	16	1	This Mother Lion Could No Longer Raise Her Cubs Alone | 4K Wildlife Documentary
Wild Testament	SN2	2026-05-20	231552	23	37	A Mother Lion Moved Her Cubs Again… But Predators Already Found the Den | 4K Wildlife Documentary
Wild Testament	SN2	2026-05-08	282589	15	31	A Mother Lion Left the Pride to Give Birth… Now Her Cubs Are Alone | 4K Wildlife Documentary
Wild Testament	SN2	2026-04-23	129283	11	41	This Lion Cub Walked Toward a Rival Male… Now It Never Came Back | 4K Wildlife Documentary
Wild Testament	SN2	2026-04-16	9112	14	0	This Old Lion Is Dying… Now the Hyenas Are Coming | 4K Wildlife Documentary
Wild Testament	SN2	2026-04-09	38364	15	4	The mother Lioness Was Injured… Now Her Cubs Are in Danger | 4K Wildlife Documentary
Wild Testament	SN2	2026-04-02	120622	14	11	A New Male Entered the Pride… Now the Cubs Are in Danger | 4K Wildlife Documentary
Wild Testament	SN2	2026-03-23	143958	17	2	A Mother Lion's Hardest Days: Her Cubs Cannot Survive Without Her | 4K Wildlife Documentary
Wild Testament	SN2	2026-02-03	84028	7	15	His Mother Died… But the Pride Refused to Let Him Die | Wildlife 4K
Wild Testament	SN2	2026-01-23	2224	11	0	They Were Raised as Brothers… But the Wild Demands a King | Wildlife 4K documantry
Wild Testament	SN2	2026-01-12	1456	7	0	They Were Born Into the Cold… But the Pack Refused to Let Them Freeze | Wildlife 4K documantry
Wild Testament	SN2	2026-01-06	16102	5	3	How Lions Raise Their Cubs in the Wild | Wildlife Documentary 4K
BBTV NEW	SN2	2026-10-01	120983	17	8356	Pangolín: 99 Días Desde el Nacimiento Hasta la Supervivencia | Documental del Pangolín
BBTV NEW	SN2	2026-09-29	351254	18	5701	Halcón Peregrino: 99 Días Desde el Huevo Hasta la Supervivencia | Documental del Halcón Peregrino
BBTV NEW	SN2	2026-09-27	356264	13	2980	León: 100 Días Desde el Nacimiento Hasta la Supervivencia | Documental del León
BBTV NEW	SN2	2026-09-24	172900	9	508	Pangolín: 100 Días Desde el Nacimiento Hasta la Supervivencia | Documental del Pangolín
BBTV NEW	SN2	2026-09-22	419785	8	968	Hiena: 100 Días Desde el Nacimiento Hasta la Supervivencia | Documental de la Hiena
BBTV NEW	SN2	2026-09-20	246831	11	1234	Tejón de la Miel: Del Nacimiento a la Supervivencia | Documental del Tejón de la Miel
BBTV NEW	SN2	2026-09-18	159185	8	122	Pangolín: Del Nacimiento a la Supervivencia | Documental del Pangolín
BBTV NEW	SN2	2026-09-17	484443	11	851	Cálao Grande: 99 Días Desde el Huevo Hasta la Supervivencia | Documental del Cálao Grande
BBTV NEW	SN2	2026-09-16	381425	8	141	Cálao Grande: 100 Días Desde el Huevo Hasta la Supervivencia | Documental del Cálao Grande
BBTV NEW	SN2	2026-09-11	236940	8	449	The Secret Life of Komodo Dragons | Wild Komodo Dragon Documentary | First Days in the Wild
BBTV NEW	SN2	2026-09-09	17149	8	4	The Secret Life of Gila Monsters | Wild Gila Monster Documentary | First Days in the Wild
BBTV NEW	SN2	2026-09-05	40107	8	48	The Secret Life of Monitor Lizards | Wild Monitor Lizard Documentary | First Days in the Wild
Wild Alone	SN2	2026-10-01	4959	23	290	The Secret Life of Platypuses | Wild Platypus Documentary | Life in the Wild
Wild Alone	SN2	2026-09-26	60267	23	775	The Secret Life of Capybaras | First Days in the Wild | Wild Animal Documentary
Wild Alone	SN2	2026-09-21	61258	39	80	Wild Boar | First Days in the Wild – Wildlife Documentary
Wild Alone	SN2	2026-09-13	399108	23	53	Pangolin | First Days in the Wild – Wildlife Documentary
Wild Alone	SN2	2026-09-08	43600	12	8	Giant Anteater | First Days in the Wild – Wildlife Documentary
Wild Alone	SN2	2026-09-01	157512	14	3	The Secret Life of Platypuses | Wild Platypus Documentary | First Days in the Wild
Wild Alone	SN2	2026-08-28	14597	38	2	Wild Otters | First Days in the Wild – Wildlife Documentary
Wild Alone	SN2	2026-08-24	46858	33	52	Inside the Hidden World of Capybaras | First Days in the Wild – Capybara Documentary
Wild Alone	SN2	2026-08-18	21575	38	103	Wild Otters Documentary | Inside the Hidden World of Otters | First Days in the Wild
Wild Alone	SN2	2026-08-13	744102	14	2	The Secret Life of Platypuses | Wild Platypus Documentary | First Days in the Wild
Wild Alone	SN2	2026-08-08	41940	12	33	The Hidden Life of Rabbits | Wild Rabbit Documentary | First Days in the Wild
Wild Alone	SN2	2026-08-04	238159	15	1	The Hidden Life of Capybaras | Wild Capybara Documentary | First Days in the Wild
Wild Alone	SN2	2026-07-30	22180	17	21	Wild Boars Documentary | The Hidden Forest Life of Wild Boars | First Days of Life in the Wild
Wild Alone	SN2	2026-07-27	22285	23	4	The Hidden Forest Life of a Pangolin | First Days of Life in the Wild | Living with Ticks
Wild Alone	SN2	2026-07-23	1611	11	0	The Incredible Journey | From Birth to Independence – Baby Beaver
Wild Alone	SN2	2026-07-17	2368	11	0	The Incredible Journey of Life in the Wild | From Birth to Survival – Baby Hippo
Wild Alone	SN2	2026-07-11	30345	11	7	The Incredible Journey of Life in the Wild | From Birth to Survival — Lion Cub
Wild Alone	SN2	2026-07-07	63518	11	31	Inside the Wild Mountains — Baby Mountain Goats Taking Their First Steps on Steep Rocks
Wild Alone	SN2	2026-06-28	41551	11	2	This Baby Tasmanian Devil Is Born Helpless — Then Learns to Survive in the Wild
Wild Alone	SN2	2026-06-19	59954	11	4	This Baby Beaver Is Born Helpless — Then Learns to Survive in the Wild
Wild Alone	SN2	2026-06-02	92596	12	3	Baby Otter Growing Up | First Days of Life in the Wild
Wild Alone	SN2	2026-05-10	201143	12	58	High Above the Forest Floor | Red Squirrel Documentary
Wild Alone	SN2	2026-04-29	207442	12	56	Born on Water | The Jacana Chick Story
Wild Alone	SN2	2026-04-21	1124723	11	288	The Hidden Forest Life of a Pangolin
Wild Alone	SN2	2026-04-18	315409	16	79	Life Inside a Wild Rabbit Burrow
Wild Alone	SN2	2026-04-14	462461	13	9	Inside a Platypus Burrow | Nature Documentary
Process X	SN2	2026-04-08	1928146	18	33	Roadrunner Bird: 70 Days From Egg To Desert Runner | Full Wildlife Documentary
Process X	SN2	2026-08-04	6479	19	0	Roadrunner Bird: 70 Days From Egg to Desert Survivor | Wildlife Documentary
Process X	SN2	2026-04-09	413939	21	34	Golden Pheasant: The Complete 95-Day Survival Journey From Egg to Beauty
Process X	SN2	2026-03-03	255878	16	51	Common Loon: 150 Days From Egg to Ocean Survivor | Full Life Cycle Documentary
Process X	SN2	2026-04-07	185840	21	44	Atlantic Puffin Journey: 85 Days From Egg to Ultimate Ocean Diver (You Won't Believe This!)
Process X	SN2	2026-04-10	126074	21	30	Peregrine Falcon: From Helpless Egg to World's Fastest Hunter (Full 90-Day Journey)
Process X	SN2	2026-04-11	109874	20	27	INSANE: Toco Toucan 80 Days from Egg to Jungle Icon – Full 4K AI Documentary
Process X	SN2	2026-08-28	116081	19	144	Markhor: 365 Days From Pregnancy to Cliffside Survivor | Wildlife Documentary
Process X	SN2	2026-08-20	66745	15	67	Wild Gorilla: 365 Days From Pregnancy to Jungle Survivor | Wildlife Documentary
Process X	SN2	2026-08-01	61260	19	42	Snow Leopard: The Incredible 660-Day Journey to Survival
Process X	SN2	2026-08-22	25224	18	27	Mountain Goat: 365 Days From Birth to Mastering the Cliffs | Wildlife Documentary
Process X	SN2	2026-08-24	22443	19	25	Alpine Ibex: 365 Days From Pregnancy to Mountain Survivor | Wildlife Documentary
Process X	SN2	2026-08-27	20779	18	25	Altai Ibex: 365 Days From Pregnancy to Mountain Survivor | Wildlife Documentary
Process X	SN2	2026-08-30	17519	19	5	Nubian Ibex: 365 Days From Pregnancy to Desert Survivor | Wildlife Documentary
Process X	SN2	2026-09-01	16371	18	9	Siberian Ibex: 180 Days From Birth To Mountain Survivor | Full Wildlife Documentary
Process X	SN2	2026-09-03	2863	15	0	Himalayan Tahr: 365 Days From Birth to Survival on Himalayan Cliffs | Wildlife Documentary
Process X	SN2	2026-07-23	913	13	0	Shoebill Stork: 155 Days From Egg to Wetland Survivor | Wildlife Documentary
Process X	SN2	2026-03-23	1972	18	0	Cassowary Bird: 999 Days From Egg to Deadliest Jungle Survivor (Full Documentary)
Nature's Tether	SN1	2026-10-01	60555	31	4439	WILD LUANGWA | The Ghost Africa Thought Was a Myth | Wildlife Documentary
Nature's Tether	SN1	2026-09-29	93728	30	434	WILD KAFUE | The King of the Water That Becomes the Prey | Wildlife Documentary
Nature's Tether	SN1	2026-09-27	664797	30	322	WILD SUMATRA | The One Enemy a Tiger Cannot Kill Fast | Wildlife Documentary
Nature's Tether	SN1	2026-09-25	210398	30	315	WILD ORINOCO | The Bite vs the Coil: Two Kings, One River | Wildlife Documentary
Nature's Tether	SN1	2026-09-23	104352	30	61	WILD MARA | The River a Lion Must Cross to Become a King | Wildlife Documentary
Nature's Tether	SN1	2026-09-21	4786109	30	3869	WILD PANTANAL | The Predator That Everything Else Hunts | Wildlife Documentary
GaiaDocs	SN1	2026-04-27	5015364	56	801	WILD PACIFIC | The Brutal Showdown of the Ocean's Giants | Nature Animal Documentary
GaiaDocs	SN1	2026-04-29	3125789	53	394	OCEAN'S DEADLIEST | Savage Orcas Hunt the Great White | Nature Animal Documentary
GaiaDocs	SN1	2026-08-19	2387999	31	24	WILD AMAZON | Only the Strongest Predators Will Survive | Nature Animal Documentary
GaiaDocs	SN1	2026-07-03	2142027	31	147	WILD AMAZON | When Survival is in the Hands of Predators | Nature Animal Documentary
GaiaDocs	SN1	2026-09-21	1795604	64	123	WILD AMAZON | When the Right Strategy Decides Who Survives | Nature Animal Documentary
GaiaDocs	SN1	2026-08-24	1624902	31	21	WILD COLOMBIA | The Most Apex Predators in South America | Nature Animal Documentary
GaiaDocs	SN1	2026-08-10	1307105	32	48	WILD AMAZON | Mysterious Predators Yet To Be Known | Nature Animal Documentary
GaiaDocs	SN1	2026-05-22	1047562	55	332	WILD AMAZON | The Battle for Survival of Apex Predators | Nature Animal Documentary
GaiaDocs	SN1	2026-04-10	1013792	46	175	WILD OCEAN | Where Deadliest Predators Rule the Largest Ocean | Nature Animal Documentary
GaiaDocs	SN1	2026-09-16	794688	79	512	WILD PACIFIC | The Battle of the Ocean's Fiercest Predators | Nature Animal Documentary
GaiaDocs	SN1	2026-08-31	731903	91	202	WILD COLOMBIA | Hidden Predators in the Heart of South America | Nature Animal Documentary
GaiaDocs	SN1	2026-06-12	727591	30	15	WILD PANTANAL | The Battle for Survival of Apex Predators | Nature Animal Documentary
GaiaDocs	SN1	2026-09-11	693207	85	183	OCEAN MYSTERIES | Unseen Invisible Creatures of the Abyss | Nature Animal Documentary
GaiaDocs	SN1	2026-04-22	554875	96	143	WILD ANTARCTICA | Who Rules the Most Extreme Kingdom on Earth? | Nature Animal Documentary
GaiaDocs	SN1	2026-05-01	473781	59	130	OCEAN KILLERS | Incredible Orca Hunt | Nature Animal Documentary
GaiaDocs	SN1	2026-06-26	460153	33	19	WILD PANTANAL | Mysteries of the Ultimate Predators | Nature Animal Documentary
GaiaDocs	SN1	2026-08-14	455214	31	2	WILD INDONESIA | Pristine Jungle's Hidden Apex Predators | Nature Animal Documentary
GaiaDocs	SN1	2026-09-07	451950	80	77	WILD GALÁPAGOS | Strange Animals in the Living Museum of Evolution | Nature Animal Documentary
GaiaDocs	SN1	2026-08-28	442551	31	78	WILD PANTANAL | Nature's Most Dangerous Predators | Nature Animal Documentary
GaiaDocs	SN1	2026-05-13	433813	36	129	WILD PERU | A Deadly Encounter in the Wild | Nature Animal Documentary
GaiaDocs	SN1	2026-09-14	285523	90	170	WILD PANTANAL | The Battle for Survival Among Apex Predators | Nature Animal Documentary
GaiaDocs	SN1	2026-05-06	264789	149	75	WILD ARCTIC | Survival in the Realm of Giants (Full Episode) | Nature Animal Documentary
GaiaDocs	SN1	2026-03-27	252997	54	56	OUR MYSTERIOUS OCEANS | The Giants That Dominate the Sea | 4K UHD | Nature Animal Documentary
GaiaDocs	SN1	2026-04-24	225531	67	59	WILD AMAZON | The Brutal Battle of Ultimate Predators | Nature Animal Documentary
GaiaDocs	SN1	2026-04-20	216143	38	55	WILD AFRICA | The Kingdom of the Immortal Predator | Nature Animal Documentary
GaiaDocs	SN1	2026-08-17	209716	32	196	WILD PANTANAL | The Predator Struggle for Survival | Nature Animal Documentary
GaiaDocs	SN1	2026-04-01	192340	50	44	HIMALAYA | Kingdom of Predators on the Roof of the World | Nature Animal Documentary
GaiaDocs	SN1	2026-06-05	179783	32	64	WILD VENEZUELA | The Battle of the Deadliest Predators | Nature Animal Documentary
GaiaDocs	SN1	2026-03-13	164788	31	10	PANTANAL APEX: Jaguar Kills Anaconda Without Mercy | Nature Animal Documentary
GaiaDocs	SN1	2026-07-27	136369	31	87	WILD BORNEO | Hidden Creatures in the Most Mysterious Jungle | Nature Animal Documentary
GaiaDocs	SN1	2026-06-22	130643	31	54	WILD BORNEO | Nature's Most Dangerous Paradise | Nature Animal Documentary
GaiaDocs	SN1	2026-08-26	124080	31	146	WILD ANDES | Battles for Survival in the Land of the Wind | Nature Animal Documentary
GaiaDocs	SN1	2026-05-04	114477	58	504	OCEAN'S ULTIMATE PREDATORS | Great White Shark vs Orca | Nature Animal Documentary
GaiaDocs	SN1	2026-09-18	108999	78	21	WILD AMAZON | The Most Mysterious Apex Predators of the Rainforest | Nature Animal Documentary
GaiaDocs	SN1	2026-09-02	108487	79	14	WILD OCEAN | The Supreme Predators of the Ocean Depths | Nature Animal Documentary
GaiaDocs	SN1	2026-09-23	101234	61	72	WILD OCEAN | The Ocean's Fiercest Killers | Nature Animal Documentary
GaiaDocs	SN1	2026-08-03	85234	31	61	WILD PHILIPPINES | Secrets of the Archipelago's Hidden Creatures | Nature Animal Documentary
GaiaDocs	SN1	2026-09-28	81023	71	660	WILD AMAZON | Mysterious Predators Yet to Be Discovered | Nature Animal Documentary
GaiaDocs	SN1	2026-07-06	76183	35	1	WILD COLOMBIA | South America's Most Dangerous Predators | Nature Animal Documentary
GaiaDocs	SN1	2026-08-12	68834	31	58	WILD PANTANAL | The Kingdom of Hidden Predators | Nature Animal Documentary
GaiaDocs	SN1	2026-09-04	58246	82	3	WILD PERU | The Amazon's Most Dangerous Predators | Nature Animal Documentary
GaiaDocs	SN1	2026-09-09	56917	106	18	WILD AMAZON | Surviving the Jungle's Most Brutal Arena | Nature Animal Documentary
GaiaDocs	SN1	2026-07-01	53832	30	25	WILD CONGO | The Ultimate Price of Survival | Nature Animal Documentary
GaiaDocs	SN1	2026-08-21	52519	31	3	WILD CONGO | What Hides in the World's Most Dangerous Jungle | Nature Animal Documentary
GaiaDocs	SN1	2026-04-03	32986	48	1	OCEAN KILLERS (Full Episode) | World's Deadliest | Nature Animal Documentary
GaiaDocs	SN1	2026-05-29	29681	32	10	WILD CONGO | The Battle Survival of Ultimate Predators | Nature Animal Documentary
GaiaDocs	SN1	2026-07-20	25856	32	1	WILD COSTA RICA | The Most Dangerous Animals in the Jungle | Nature Animal Documentary
GaiaDocs	SN1	2026-05-08	23875	150	0	WILD OCEAN | The Brutal Giant Predators of the Abyss | Nature Animal Documentary
GaiaDocs	SN1	2026-06-15	22590	31	1	WILD AMAZON | The Battle for Survival of Giant Predators | Nature Animal Documentary
GaiaDocs	SN1	2026-04-06	20680	50	0	LION BATTLE ZONE | Ultimate Battles for Survival (Full Episode) | Nature Animal Documentary
Primal Buzz	SN1	2026-10-02	164	32	164	Grizzly Bear's Brutal Hunt on Elk | North America's Deadliest Predators | Wildlife Documentary
Primal Buzz	SN1	2026-09-30	5199	31	77	Jaguar Hunts Anaconda in the Amazon River | Amazon's Deadliest Predator | Wildlife Documentary
Primal Buzz	SN1	2026-09-28	8051	32	39	Orca's Ruthless Hunt on Great White Shark | Ocean's Deadliest Predator | Wildlife Documentary
Primal Buzz	SN1	2026-09-26	23066	34	165	Bengal Tiger's Brutal Ambush in the Forest | Asia's Deadliest Predator | Wildlife Documentary
Primal Buzz	SN1	2026-09-24	577075	33	1379	Polar Bear's Brutal Hunt on Beluga Whale | Arctic's Deadliest Predator | Wildlife Documentary
Primal Buzz	SN1	2026-09-22	516234	34	919	Lynx's Deadliest Ambush in the Snow | North America's Deadliest Predators | Wildlife Documentary
Primal Buzz	SN1	2026-09-20	53402	34	34	Grizzly Bear vs Wolf Pack | North America's Deadliest Predators | Wildlife Documentary
Primal Buzz	SN1	2026-09-18	13784	32	6	Crocodile's Brutal Ambush on Lion | Africa's Deadliest Predator | Wildlife Documentary
Primal Buzz	SN1	2026-09-16	6322	33	3	Eagle's Most Terrifying Strike from Above | Sky's Deadliest Predator | Wildlife Documentary
Primal Buzz	SN1	2026-09-14	9259	31	45	Puma vs Lynx: Brutal Battle for Survival in the Snow | Wildlife Documentary
Primal Buzz	SN1	2026-09-12	88028	32	62	Lion's Brutal War for the Savanna | Savanna's Deadliest Predators | Wildlife Documentary
Primal Buzz	SN1	2026-09-10	1744110	32	496	Polar Bear vs Killer Whale | Arctic's Deadliest Predators | Wildlife Documentary
Primal Buzz	SN1	2026-09-08	12766	31	8	WILD PACIFIC | Ocean's Deadliest Predators Hunt for Survival | Wildlife Documentary
Primal Buzz	SN1	2026-09-06	108957	32	202	GRIZZLY BEAR | Ultimate Predator's Final Chase Across North America | Wildlife Documentary
Primal Buzz	SN1	2026-09-04	1839	29	2	AFRICAN WILD DOGS | Africa's Deadliest Predators Fight for Survival | Wildlife Documentary
Primal Buzz	SN1	2026-09-02	5257	42	2	WILD SAVANNA | Ultimate Predator's Deadliest Battle | Wildlife Documentary
Primal Buzz	SN1	2026-08-31	5215	28	2	WILD AMAZON | Battle for Survival of Apex Predators | Wildlife Documentary
Primal Buzz	SN1	2026-08-29	28249	19	13	KILLER WHALE | Nature's Ultimate Battles for Survival | Wildlife Documentary
Primal Buzz	SN1	2026-08-27	5626	26	3	ARCTIC WILDERNESS | Ultimate Predator's Battle for Survival | Wildlife Documentary
Primal Buzz	SN1	2026-08-25	14129	17	5	WILD SAVANNA | Endless Fight for Survival Among Deadly Predators | Wildlife Documentary
Primal Buzz	SN1	2026-08-23	208640	21	47	HONEY BADGER | Survival of Africa's Most Fearless Predator | Wildlife Documentary
Primal Buzz	SN1	2026-08-21	2994	31	1	AFRICAN SAVANNA | Deadliest Predator's Endless Fight for Survival | Wildlife Documentary
Primal Buzz	SN1	2026-08-19	462252	30	84	WILD OCEAN | Deadliest Hunt of the Ultimate Predator | Wildlife Documentary
Primal Buzz	SN1	2026-08-17	180343	31	12	WILD ARCTIC | Deadliest Predators Fight for Survival | Wildlife Documentary
Primal Buzz	SN1	2026-08-15	191631	29	112	GRIZZLY BEAR | Brutal Battle for Survival in Wild North America | Wildlife Documentary
Primal Buzz	SN1	2026-08-13	410572	26	94	Snow Leopard's Mysterious Ambush | Himalaya's Deadliest Predator | Wildlife Documentary
Primal Buzz	SN1	2026-08-11	1941	26	1	Eagle's Most Brutal Struggle for Survival | Sky's Deadliest Predator | Wildlife Documentary
Primal Buzz	SN1	2026-08-08	897	30	0	Lion's Most Ruthless Battle in the Wild | Savanna's Deadliest Predators | Wildlife Documentary
Primal Buzz	SN1	2026-08-06	465488	29	238	Brutal Killer Whale Hunts Great White Shark | Ocean's Deadliest Predator | Wildlife Documentary
Primal Buzz	SN1	2026-08-04	3299	15	2	Most Brutal Hyena Encounters In The Wild | Africa's Deadliest Predators | Wildlife Documentary
Primal Buzz	SN1	2026-08-02	513709	15	99	Polar Bear's Most Brutal Hunts in the Arctic | Wildlife Documentary
Primal Buzz	SN1	2026-07-31	78072	15	53	African Wild Dogs' Most Brutal Hunts | Savanna's Deadliest Predator | Wild Animals
Primal Buzz	SN1	2026-07-25	50875	18	31	The Most Brutal Grizzly Bear Hunts In The Wild | Wild Animals
Primal Buzz	SN1	2026-07-20	68891	15	37	Deadliest Crocodile Ambushes in the River Ever Recorded | Wild Animals
Primal Buzz	SN1	2026-07-02	77965	18	36	Most Fearless Honey Badger Attacks Caught on Camera | Wild Animals
Primal Buzz	SN1	2026-06-28	45974	18	2	Most Shocking Ocean Predator Hunts Ever Recorded | Wildlife
Primal Buzz	SN1	2026-07-11	292	17	0	Lion vs Tiger: Who Is the Deadliest Big Cat? | Wild Animals
Primal Buzz	SN1	2026-07-16	415	13	0	Deadliest Killer Whale Attacks on the Ocean's Biggest Predators | Wild Animals
