channel	subs	views	dur_s	title
KZK FILMS	22700	4925049	1032	She Gave Birth to a Dragon Part 2 | The Mothers Monster PART 2 | Full Fantasy Movie 4K
Princesses Skit Club	342000	3236491	1710	She Gave Birth to a Dragon🔥
Old Friends Short Theatre	267000	2793655	1710	She Gave Birth to a Dragon ｜ The Mothers Monster ｜ Full Fantasy Movie 4K
Alpha Series	117000	1741278	5456	[Fantasy Movie] She Gave Birth To A Dragon! The Village Hunts Him As A Monster!
Wiggle World	38800	1731365	1710	She Gave Birth to a Dragon… But the Village Called Him a Monster | Full Fantasy Movie 4K
Princesses Skit Club	342000	1220420	669	She Gave Birth to a Dragon part 2🔥
untold History Hub	6350	1185026	602	She Gave Birth to a Dragon… But the Village Called Him a Monster |Full Fantasy Movie(English dubbed)
Ghibli World	2660	988359	1710	She Gave Birth to a Dragon | The Mothers Monster | Full Fantasy Movie 4K
Oplex Films	415000	847818	7052	The Mothers Monster Full Movie 2026 | She Gave Birth To A Dragon | Breakdown & Explanation
Capitol Insider	33400	618619	501	She Gave Birth to a Dragon | The Mother’s Monster Part 3 | Full Fantasy Movie 4K
freaky shots	72300	582715	5873	She Gave Birth to a Dragon | The Mothers Monster Part 2 | Full Fantasy Movie 4K
Alvar The Unseen	1260	568468	5473	The Mothers Monster | She Gave Birth to a Dragon Full Fantasy Movie 4K
WUFO TV	12000	560550	1229	She Gave Birth to a DRAGON 2 | The Mothers Monster 2026 | Full Fantasy Movie 4K
Capitol Insider	33400	556089	551	She Gave Birth to a Dragon | The Mother’s Monster Part 2 | Full Fantasy Movie 4K
Silent Mafia Love	2200	520204	1540	She Gave Birth to a Dragon | The Mothers Monster | Full Fantasy Movie 4K
StoryFlip	6520	473090	1710	She Gave Birth to a Dragon🔥
Entertainment 786	3250	471436	3309	She Gave Birth to a Dragon 🐉 The Mother's Monster (2026) Full Fantasy Movie 4K
KZK FILMS	22700	433239	1289	She Gave Birth to a Dragon Part 3 | Before The Mother's Monster | The Prequel
Capitol Insider	33400	334771	513	She Gave Birth to a Dragon | The Mother’s Monster Part 4 | Full Fantasy Movie 4K
KZK FILMS	22700	207003	1038	She Gave Birth to a Dragon Part 2 | The Mothers Monster Continues | Full Fantasy Movie 4K
Anime Tale Studio	7000	200946	1710	She Gave Birth to a Dragon🔥
FEC	9150	162103	1229	She Gave Birth to a Dragon Part 4 | The Mothers Monster PART 4 | Full Fantasy Movie 4K
KLVazunqEWk Racism Network	6320	112523	6	She Gave Birth to a Dragon part 2| Full Fantasy movie
FEC	9150	91396	1031	She Gave Birth to a Dragon Part 5 | The Mothers Monster PART 5 | Full Fantasy Movie 4K
Paw Hands TV	12100	84007	1943	She Gave Birth to a Dragon | The Mother's Monster | Full Fantasy Movie 4K
The Awkward Hunter	1560	76996	1036	She Gave Birth to a Dragon | Part 4 - The Dragon's Revenge | Full Fantasy Movie 4K.
Zuri's Studio	80000	66730	917	She Gave Birth to a Dragon | The Finale - A Perfect Ending | Full Fantasy Movie 4K
Qelvynor	145	52335	526	She Gave Birth to a Dragon — The Mother's Monster (2026) | Full Movie
Anime Tale Studio	7000	47124	669	She Gave Birth to a Dragon part 2🔥
Victoria Utin	7250	37773	1396	She Gave Birth to a Dragon: How I Made It With AI (Step-by-Step)
Lost World Diaries	777	32162	1489	She Gave birth To a Dragon | When Dragon took Revenge| The most emotional story ever told
StoryFlip	6520	30717	669	She Gave Birth to a Dragon part 2🔥
Earthscapes Travel	64900	25407	2985	She Gave Birth to a Dragon | The Dragon’s Child | Full Fantasy Movie 4K
ELDRAVA FILMS	8670	20102	571	She Gave Birth to a Dragon | The Mother's Monster | Full Fantasy Movie 4K — Part 1
Untold Saga Animation	1930	18640	3018	My Dragon Son Saved the Kingdom… But His Father Came from Another World |Epic Fantasy | Full Movie
Unfound	178	11063	868	She Gave Birth to a Dragon | The Mother's Monster (2026) | Full Fantasy Movie 4K
Smart Kids Fun	33800	7879	1710	She Gave Birth to a Dragon | The Mothers Monster | Full Fantasy 4K Movie
Ringo90	1390	7536	574	She Gave Birth to a Dragon || The Dragon’s Last Sacrifice #usa
Silent Miracle Tales	2950	7095	1442	She Gave Birth to a Dragon — Then the Hunters Came for Her Son | Full Fantasy Movie 4K
MonsterFlix AI	1190	6736	11	She Gave Birth to a Dragon: Dragon Revenge (Part 2) 4K
Two Hearts One Journey	423	6491	513	The Dragons | She Gave Birth to a Dragon | A Full Fantasy Movie in 4K
NØMADE Movies	1430	5459	1401	She Gave Birth to a Dragon | The Mother’s Monster | Full Fantasy Movie 4K
Kingdom Diaries TV	10800	3978	551	She Gave Birth to a Dragon… Now They Want Her Dead 😱 | The Mother’s Monster Part 2
Daily Drama Vault	4490	2601	1710	🐉🔥She Gave Birth to a Dragon… Now a Giant Dragon Protects Her!👑
Dinosaur Documentary	473	1838	263	She Gave Birth to a Dragon | The Mother’s Monster 🐉🔥 | Full Fantasy Story
Panjnavi Records	76400	1749	951	She Gave Birth to a Dragon: The Mother's Monster (Full Fantasy Movie 4K)
AETHERIA	550	1080	372	She Gave Birth to a Dragon | Full Fantasy Movie 4K – the complete Mother Dragon story
